{
	"_comment": "This is a trace for SQL statement: SELECT * FROM buckets WHERE bucket_name = 'reveal-dd973d1a'\nThis trace can be imported into Jaeger for visualization. From the Jaeger Search screen, select the JSON File.\nJaeger can be started using docker with: docker run -d --name jaeger -p 16686:16686 jaegertracing/all-in-one:1.17\nThe UI can then be accessed at http://localhost:16686/search",
	"data": [
		{
			"traceID": "2099199562664765502",
			"spans": [
				{
					"traceID": "2099199562664765502",
					"spanID": "8572917165717655988",
					"operationName": "traced statement",
					"references": null,
					"startTime": 1755270450371729,
					"duration": 2765,
					"tags": [
						{
							"key": "goroutine",
							"type": "int64",
							"value": 1981045
						},
						{
							"key": "_unfinished",
							"type": "STRING",
							"value": "1"
						},
						{
							"key": "_verbose",
							"type": "STRING",
							"value": "1"
						},
						{
							"key": "node",
							"type": "STRING",
							"value": "2"
						},
						{
							"key": "client",
							"type": "STRING",
							"value": "192.168.3.113:48188"
						},
						{
							"key": "hostssl",
							"type": "STRING",
							"value": ""
						},
						{
							"key": "user",
							"type": "STRING",
							"value": "ron"
						},
						{
							"key": "statement",
							"type": "STRING",
							"value": "SELECT * FROM buckets WHERE bucket_name = 'reveal-dd973d1a'"
						}
					],
					"logs": [
						{
							"timestamp": 1755270450372536,
							"fields": [
								{
									"key": "event",
									"type": "STRING",
									"value": "sql/conn_executor_exec.go:1087 [n2,client=192.168.3.113:48188,hostssl,user=‹ron›] planning ends"
								}
							]
						},
						{
							"timestamp": 1755270450372558,
							"fields": [
								{
									"key": "event",
									"type": "STRING",
									"value": "sql/conn_executor_exec.go:1087 [n2,client=192.168.3.113:48188,hostssl,user=‹ron›] checking distributability"
								}
							]
						},
						{
							"timestamp": 1755270450372577,
							"fields": [
								{
									"key": "event",
									"type": "STRING",
									"value": "sql/conn_executor_exec.go:1087 [n2,client=192.168.3.113:48188,hostssl,user=‹ron›] will distribute plan: false"
								}
							]
						},
						{
							"timestamp": 1755270450372598,
							"fields": [
								{
									"key": "event",
									"type": "STRING",
									"value": "sql/conn_executor_exec.go:1087 [n2,client=192.168.3.113:48188,hostssl,user=‹ron›] executing after 0 retries, last retry reason: \u003cnil\u003e"
								}
							]
						},
						{
							"timestamp": 1755270450372614,
							"fields": [
								{
									"key": "event",
									"type": "STRING",
									"value": "sql/conn_executor_exec.go:1087 [n2,client=192.168.3.113:48188,hostssl,user=‹ron›] execution starts: distributed engine"
								}
							]
						},
						{
							"timestamp": 1755270450372638,
							"fields": [
								{
									"key": "event",
									"type": "STRING",
									"value": "sql/distsql_running.go:2083 [n2,client=192.168.3.113:48188,hostssl,user=‹ron›] creating DistSQL plan with isLocal=true"
								}
							]
						},
						{
							"timestamp": 1755270450372663,
							"fields": [
								{
									"key": "event",
									"type": "STRING",
									"value": "sql/distsql_running.go:760 [n2,client=192.168.3.113:48188,hostssl,user=‹ron›] noMutations = true"
								}
							]
						},
						{
							"timestamp": 1755270450372675,
							"fields": [
								{
									"key": "event",
									"type": "STRING",
									"value": "sql/distsql_running.go:806 [n2,client=192.168.3.113:48188,hostssl,user=‹ron›] containsLocking = false"
								}
							]
						},
						{
							"timestamp": 1755270450372688,
							"fields": [
								{
									"key": "event",
									"type": "STRING",
									"value": "sql/distsql_running.go:895 [n2,client=192.168.3.113:48188,hostssl,user=‹ron›] ‹running DistSQL plan›"
								}
							]
						},
						{
							"timestamp": 1755270450374420,
							"fields": [
								{
									"key": "event",
									"type": "STRING",
									"value": "sql/conn_executor_exec.go:1087 [n2,client=192.168.3.113:48188,hostssl,user=‹ron›] execution ends"
								}
							]
						},
						{
							"timestamp": 1755270450374436,
							"fields": [
								{
									"key": "event",
									"type": "STRING",
									"value": "sql/conn_executor_exec.go:1087 [n2,client=192.168.3.113:48188,hostssl,user=‹ron›] rows affected: 1"
								}
							]
						}
					],
					"processID": "node 2",
					"warnings": null
				},
				{
					"traceID": "2099199562664765502",
					"spanID": "3060187680032416077",
					"operationName": "optimizer",
					"references": [
						{
							"refType": "CHILD_OF",
							"traceID": "2099199562664765502",
							"spanID": "8572917165717655988"
						}
					],
					"startTime": 1755270450371738,
					"duration": 752,
					"tags": [
						{
							"key": "goroutine",
							"type": "int64",
							"value": 1981045
						},
						{
							"key": "_verbose",
							"type": "STRING",
							"value": "1"
						},
						{
							"key": "node",
							"type": "STRING",
							"value": "2"
						},
						{
							"key": "client",
							"type": "STRING",
							"value": "192.168.3.113:48188"
						},
						{
							"key": "hostssl",
							"type": "STRING",
							"value": ""
						},
						{
							"key": "user",
							"type": "STRING",
							"value": "ron"
						}
					],
					"logs": [
						{
							"timestamp": 1755270450371795,
							"fields": [
								{
									"key": "event",
									"type": "STRING",
									"value": "sql/plan_opt.go:431 [n2,client=192.168.3.113:48188,hostssl,user=‹ron›] ‹query cache miss›"
								}
							]
						},
						{
							"timestamp": 1755270450371813,
							"fields": [
								{
									"key": "event",
									"type": "STRING",
									"value": "sql/opt/optbuilder/builder.go:239 [n2,client=192.168.3.113:48188,hostssl,user=‹ron›] optbuilder start"
								}
							]
						},
						{
							"timestamp": 1755270450371867,
							"fields": [
								{
									"key": "event",
									"type": "STRING",
									"value": "sql/catalog/lease/descriptor_version_state.go:128 [n2,client=192.168.3.113:48188,hostssl,user=‹ron›] descriptorVersionState.incRefCount: 112(‹\"pua_demo\"›,0101803c223a8a27bd40ac9976f90bedaab5e3) ver=1:0,0, refcount=1"
								}
							]
						},
						{
							"timestamp": 1755270450371893,
							"fields": [
								{
									"key": "event",
									"type": "STRING",
									"value": "sql/catalog/descs/descriptor.go:132 [n2,client=192.168.3.113:48188,hostssl,user=‹ron›] looking up descriptors for ids [112]"
								}
							]
						},
						{
							"timestamp": 1755270450371919,
							"fields": [
								{
									"key": "event",
									"type": "STRING",
									"value": "sql/catalog/descs/descriptor.go:132 [n2,client=192.168.3.113:48188,hostssl,user=‹ron›] looking up descriptors for ids [112]"
								}
							]
						},
						{
							"timestamp": 1755270450371934,
							"fields": [
								{
									"key": "event",
									"type": "STRING",
									"value": "sql/catalog/descs/descriptor.go:132 [n2,client=192.168.3.113:48188,hostssl,user=‹ron›] looking up descriptors for ids [112]"
								}
							]
						},
						{
							"timestamp": 1755270450371964,
							"fields": [
								{
									"key": "event",
									"type": "STRING",
									"value": "sql/catalog/descs/descriptor.go:132 [n2,client=192.168.3.113:48188,hostssl,user=‹ron›] looking up descriptors for ids [112]"
								}
							]
						},
						{
							"timestamp": 1755270450371980,
							"fields": [
								{
									"key": "event",
									"type": "STRING",
									"value": "sql/catalog/descs/descriptor.go:132 [n2,client=192.168.3.113:48188,hostssl,user=‹ron›] looking up descriptors for ids [113]"
								}
							]
						},
						{
							"timestamp": 1755270450372001,
							"fields": [
								{
									"key": "event",
									"type": "STRING",
									"value": "sql/catalog/lease/descriptor_version_state.go:128 [n2,client=192.168.3.113:48188,hostssl,user=‹ron›] descriptorVersionState.incRefCount: 113(‹\"public\"›,0101803c223a8a27bd40ac9976f90bedaab5e3) ver=1:0,0, refcount=1"
								}
							]
						},
						{
							"timestamp": 1755270450372027,
							"fields": [
								{
									"key": "event",
									"type": "STRING",
									"value": "sql/catalog/lease/descriptor_version_state.go:128 [n2,client=192.168.3.113:48188,hostssl,user=‹ron›] descriptorVersionState.incRefCount: 114(‹\"buckets\"›,0101803c223a8a27bd40ac9976f90bedaab5e3) ver=9:0,0, refcount=1"
								}
							]
						},
						{
							"timestamp": 1755270450372042,
							"fields": [
								{
									"key": "event",
									"type": "STRING",
									"value": "sql/catalog/descs/descriptor.go:132 [n2,client=192.168.3.113:48188,hostssl,user=‹ron›] looking up descriptors for ids [114]"
								}
							]
						},
						{
							"timestamp": 1755270450372067,
							"fields": [
								{
									"key": "event",
									"type": "STRING",
									"value": "sql/catalog/descs/descriptor.go:132 [n2,client=192.168.3.113:48188,hostssl,user=‹ron›] looking up descriptors for ids [23]"
								}
							]
						},
						{
							"timestamp": 1755270450372112,
							"fields": [
								{
									"key": "event",
									"type": "STRING",
									"value": "sql/catalog/lease/descriptor_version_state.go:128 [n2,client=192.168.3.113:48188,hostssl,user=‹ron›] descriptorVersionState.incRefCount: 23(‹\"role_members\"›,0101803c223a8a27bd40ac9976f90bedaab5e3) ver=4:0,0, refcount=1"
								}
							]
						},
						{
							"timestamp": 1755270450372349,
							"fields": [
								{
									"key": "event",
									"type": "STRING",
									"value": "sql/opt/optbuilder/builder.go:285 [n2,client=192.168.3.113:48188,hostssl,user=‹ron›] optbuilder finish"
								}
							]
						},
						{
							"timestamp": 1755270450372362,
							"fields": [
								{
									"key": "event",
									"type": "STRING",
									"value": "sql/opt/xform/optimizer.go:237 [n2,client=192.168.3.113:48188,hostssl,user=‹ron›] optimize start"
								}
							]
						},
						{
							"timestamp": 1755270450372426,
							"fields": [
								{
									"key": "event",
									"type": "STRING",
									"value": "sql/opt/xform/optimizer.go:286 [n2,client=192.168.3.113:48188,hostssl,user=‹ron›] optimize finish"
								}
							]
						},
						{
							"timestamp": 1755270450372438,
							"fields": [
								{
									"key": "event",
									"type": "STRING",
									"value": "sql/plan_opt.go:431 [n2,client=192.168.3.113:48188,hostssl,user=‹ron›] ‹query cache add›"
								}
							]
						}
					],
					"processID": "node 2",
					"warnings": null
				},
				{
					"traceID": "2099199562664765502",
					"spanID": "5133271262712833844",
					"operationName": "flow",
					"references": [
						{
							"refType": "CHILD_OF",
							"traceID": "2099199562664765502",
							"spanID": "8572917165717655988"
						}
					],
					"startTime": 1755270450372695,
					"duration": 1682,
					"tags": [
						{
							"key": "goroutine",
							"type": "int64",
							"value": 1981045
						},
						{
							"key": "_verbose",
							"type": "STRING",
							"value": "1"
						},
						{
							"key": "node",
							"type": "STRING",
							"value": "2"
						},
						{
							"key": "client",
							"type": "STRING",
							"value": "192.168.3.113:48188"
						},
						{
							"key": "hostssl",
							"type": "STRING",
							"value": ""
						},
						{
							"key": "user",
							"type": "STRING",
							"value": "ron"
						}
					],
					"logs": [
						{
							"timestamp": 1755270450372717,
							"fields": [
								{
									"key": "event",
									"type": "STRING",
									"value": "sql/colflow/vectorized_flow.go:227 [n2,client=192.168.3.113:48188,hostssl,user=‹ron›] ‹setting up vectorized flow›"
								}
							]
						},
						{
							"timestamp": 1755270450372757,
							"fields": [
								{
									"key": "event",
									"type": "STRING",
									"value": "sql/colflow/vectorized_flow.go:268 [n2,client=192.168.3.113:48188,hostssl,user=‹ron›] vectorized flow setup succeeded"
								}
							]
						},
						{
							"timestamp": 1755270450372842,
							"fields": [
								{
									"key": "event",
									"type": "STRING",
									"value": "sql/flowinfra/flow.go:460 [n2,client=192.168.3.113:48188,hostssl,user=‹ron›] starting (0 processors, 0 startables) asynchronously"
								}
							]
						},
						{
							"timestamp": 1755270450372856,
							"fields": [
								{
									"key": "event",
									"type": "STRING",
									"value": "sql/colflow/vectorized_flow.go:315 [n2,client=192.168.3.113:48188,hostssl,user=‹ron›] ‹running the batch flow coordinator in the flow's goroutine›"
								}
							]
						},
						{
							"timestamp": 1755270450374373,
							"fields": [
								{
									"key": "event",
									"type": "STRING",
									"value": "ComponentStats{ID: {3bc5d793-44c9-49d7-b5ae-5b676ee87553 FLOW 0 2 ‹us-east-2›}}"
								}
							]
						}
					],
					"processID": "node 2",
					"warnings": null
				},
				{
					"traceID": "2099199562664765502",
					"spanID": "5566858122806277024",
					"operationName": "batch flow coordinator",
					"references": [
						{
							"refType": "CHILD_OF",
							"traceID": "2099199562664765502",
							"spanID": "5133271262712833844"
						}
					],
					"startTime": 1755270450372856,
					"duration": 1484,
					"tags": [
						{
							"key": "goroutine",
							"type": "int64",
							"value": 1981045
						},
						{
							"key": "_verbose",
							"type": "STRING",
							"value": "1"
						},
						{
							"key": "node",
							"type": "STRING",
							"value": "2"
						},
						{
							"key": "client",
							"type": "STRING",
							"value": "192.168.3.113:48188"
						},
						{
							"key": "hostssl",
							"type": "STRING",
							"value": ""
						},
						{
							"key": "user",
							"type": "STRING",
							"value": "ron"
						},
						{
							"key": "cockroach.flowid",
							"type": "STRING",
							"value": "3bc5d793-44c9-49d7-b5ae-5b676ee87553"
						},
						{
							"key": "cockroach.processorid",
							"type": "STRING",
							"value": "0"
						}
					],
					"logs": [
						{
							"timestamp": 1755270450374334,
							"fields": [
								{
									"key": "event",
									"type": "STRING",
									"value": "ComponentStats{ID: {3bc5d793-44c9-49d7-b5ae-5b676ee87553 PROCESSOR 0 2 }, KV nodes: n2, KV regions: ‹us-east-2›, KV time: 1ms, KV rows decoded: 1, KV bytes read: ‹182 B›, KV gRPC calls: 1, KV pairs read: 1, MVCC step count (ext/int): ‹0/0›, MVCC seek count (ext/int): ‹1/1›, max memory allocated: ‹20 KiB›, sql cpu time: 31µs, batches output: 1, rows output: 1}"
								}
							]
						}
					],
					"processID": "node 2",
					"warnings": null
				},
				{
					"traceID": "2099199562664765502",
					"spanID": "293116268845701928",
					"operationName": "colbatchscan",
					"references": [
						{
							"refType": "CHILD_OF",
							"traceID": "2099199562664765502",
							"spanID": "5566858122806277024"
						}
					],
					"startTime": 1755270450372861,
					"duration": 1485,
					"tags": [
						{
							"key": "goroutine",
							"type": "int64",
							"value": 1981045
						},
						{
							"key": "_unfinished",
							"type": "STRING",
							"value": "1"
						},
						{
							"key": "_verbose",
							"type": "STRING",
							"value": "1"
						},
						{
							"key": "node",
							"type": "STRING",
							"value": "2"
						},
						{
							"key": "client",
							"type": "STRING",
							"value": "192.168.3.113:48188"
						},
						{
							"key": "hostssl",
							"type": "STRING",
							"value": ""
						},
						{
							"key": "user",
							"type": "STRING",
							"value": "ron"
						},
						{
							"key": "cockroach.flowid",
							"type": "STRING",
							"value": "3bc5d793-44c9-49d7-b5ae-5b676ee87553"
						},
						{
							"key": "cockroach.processorid",
							"type": "STRING",
							"value": "0"
						}
					],
					"logs": [
						{
							"timestamp": 1755270450372901,
							"fields": [
								{
									"key": "event",
									"type": "STRING",
									"value": "sql/row/kv_batch_fetcher.go:598 [n2,client=192.168.3.113:48188,hostssl,user=‹ron›] Scan ‹/Table/114/1/\"reveal-dd973d1a\"/0›"
								}
							]
						},
						{
							"timestamp": 1755270450372914,
							"fields": [
								{
									"key": "event",
									"type": "STRING",
									"value": "sql/row/kv_batch_fetcher.go:284 [n2,client=192.168.3.113:48188,hostssl,user=‹ron›] kv fetcher: sending a batch with 1 requests"
								}
							]
						}
					],
					"processID": "node 2",
					"warnings": null
				},
				{
					"traceID": "2099199562664765502",
					"spanID": "433930115135693431",
					"operationName": "txn coordinator send",
					"references": [
						{
							"refType": "CHILD_OF",
							"traceID": "2099199562664765502",
							"spanID": "293116268845701928"
						}
					],
					"startTime": 1755270450372918,
					"duration": 1279,
					"tags": [
						{
							"key": "goroutine",
							"type": "int64",
							"value": 1981045
						},
						{
							"key": "_verbose",
							"type": "STRING",
							"value": "1"
						},
						{
							"key": "node",
							"type": "STRING",
							"value": "2"
						},
						{
							"key": "client",
							"type": "STRING",
							"value": "192.168.3.113:48188"
						},
						{
							"key": "hostssl",
							"type": "STRING",
							"value": ""
						},
						{
							"key": "user",
							"type": "STRING",
							"value": "ron"
						},
						{
							"key": "txnID",
							"type": "STRING",
							"value": "dfdc2b8d-6c68-4453-9483-cd2fe675b7e9"
						}
					],
					"logs": [
						{
							"timestamp": 1755270450374193,
							"fields": [
								{
									"key": "event",
									"type": "STRING",
									"value": "kv/kvclient/kvcoord/txn_interceptor_span_refresher.go:656 [n2,client=192.168.3.113:48188,hostssl,user=‹ron›,txn=‹dfdc2b8d›] recording span to refresh: ‹/Table/114/1/\"reveal-dd973d1a\"/0›"
								}
							]
						}
					],
					"processID": "node 2",
					"warnings": null
				},
				{
					"traceID": "2099199562664765502",
					"spanID": "5844974444096615734",
					"operationName": "dist sender send",
					"references": [
						{
							"refType": "CHILD_OF",
							"traceID": "2099199562664765502",
							"spanID": "433930115135693431"
						}
					],
					"startTime": 1755270450372931,
					"duration": 1219,
					"tags": [
						{
							"key": "goroutine",
							"type": "int64",
							"value": 1981045
						},
						{
							"key": "_verbose",
							"type": "STRING",
							"value": "1"
						},
						{
							"key": "node",
							"type": "STRING",
							"value": "2"
						},
						{
							"key": "client",
							"type": "STRING",
							"value": "192.168.3.113:48188"
						},
						{
							"key": "hostssl",
							"type": "STRING",
							"value": ""
						},
						{
							"key": "user",
							"type": "STRING",
							"value": "ron"
						},
						{
							"key": "txn",
							"type": "STRING",
							"value": "dfdc2b8d"
						}
					],
					"logs": [
						{
							"timestamp": 1755270450372962,
							"fields": [
								{
									"key": "event",
									"type": "STRING",
									"value": "kv/kvclient/kvcoord/range_iter.go:183 [n2,client=192.168.3.113:48188,hostssl,user=‹ron›,txn=‹dfdc2b8d›] querying next range at /Table/114/1/‹\"reveal-dd973d1a\"›/‹0›"
								}
							]
						},
						{
							"timestamp": 1755270450373029,
							"fields": [
								{
									"key": "event",
									"type": "STRING",
									"value": "kv/kvclient/kvcoord/range_iter.go:220 [n2,client=192.168.3.113:48188,hostssl,user=‹ron›,txn=‹dfdc2b8d›] key: /Table/114/1/‹\"reveal-dd973d1a\"›/‹0›, desc: r82:‹/Table/11{4/1/\"q\"-5/1/\"g\"}› [(n1,s1):1, (n3,s3):2, (n2,s2):3, next=4, gen=13, sticky=1786747232.491849574,0]"
								}
							]
						},
						{
							"timestamp": 1755270450373078,
							"fields": [
								{
									"key": "event",
									"type": "STRING",
									"value": "kv/kvclient/kvcoord/dist_sender.go:2602 [n2,client=192.168.3.113:48188,hostssl,user=‹ron›,txn=‹dfdc2b8d›] routing to nearest replica; leaseholder not required order=‹[›(n2,s2):3(health=false match=2 latency=0µs)‹,›(n3,s3):2(health=false match=1 latency=1ms)‹,›(n1,s1):1(health=false match=1 latency=1ms)‹]›"
								}
							]
						},
						{
							"timestamp": 1755270450373108,
							"fields": [
								{
									"key": "event",
									"type": "STRING",
									"value": "kv/kvclient/kvcoord/dist_sender.go:2661 [n2,client=192.168.3.113:48188,hostssl,user=‹ron›,txn=‹dfdc2b8d›] r82: sending batch ‹1 Get› to (n2,s2):3"
								}
							]
						},
						{
							"timestamp": 1755270450373128,
							"fields": [
								{
									"key": "event",
									"type": "STRING",
									"value": "rpc/nodedialer/nodedialer.go:141 [n2,client=192.168.3.113:48188,hostssl,user=‹ron›,txn=‹dfdc2b8d›] ‹sending request to local client›"
								}
							]
						},
						{
							"timestamp": 1755270450373142,
							"fields": [
								{
									"key": "event",
									"type": "STRING",
									"value": "kv/kvclient/kvcoord/transport.go:208 [n2,client=192.168.3.113:48188,hostssl,user=‹ron›,txn=‹dfdc2b8d›] ‹sending batch request›"
								}
							]
						},
						{
							"timestamp": 1755270450374146,
							"fields": [
								{
									"key": "event",
									"type": "STRING",
									"value": "kv/kvclient/kvcoord/transport.go:210 [n2,client=192.168.3.113:48188,hostssl,user=‹ron›,txn=‹dfdc2b8d›] ‹received batch response›"
								}
							]
						}
					],
					"processID": "node 2",
					"warnings": null
				},
				{
					"traceID": "2099199562664765502",
					"spanID": "3943732980461063495",
					"operationName": "/cockroach.roachpb.Internal/Batch",
					"references": [
						{
							"refType": "CHILD_OF",
							"traceID": "2099199562664765502",
							"spanID": "5844974444096615734"
						}
					],
					"startTime": 1755270450373155,
					"duration": 932,
					"tags": [
						{
							"key": "goroutine",
							"type": "int64",
							"value": 1981045
						},
						{
							"key": "_verbose",
							"type": "STRING",
							"value": "1"
						},
						{
							"key": "node",
							"type": "STRING",
							"value": "2"
						},
						{
							"key": "span.kind",
							"type": "STRING",
							"value": "server"
						},
						{
							"key": "request",
							"type": "STRING",
							"value": "Get [/Table/114/1/\"reveal-dd973d1a\"/0], [txn: dfdc2b8d], [max_span_request_keys: 0], [target_bytes: 10485760]"
						}
					],
					"logs": [
						{
							"timestamp": 1755270450373168,
							"fields": [
								{
									"key": "event",
									"type": "STRING",
									"value": "server/node.go:1612 [n2] node received request: ‹1 Get›"
								}
							]
						},
						{
							"timestamp": 1755270450373212,
							"fields": [
								{
									"key": "event",
									"type": "STRING",
									"value": "kv/kvserver/store_send.go:149 [n2,s2] executing Get [/Table/114/1/‹\"reveal-dd973d1a\"›/‹0›], [txn: dfdc2b8d], [max_span_request_keys: 0], [target_bytes: 10485760]"
								}
							]
						},
						{
							"timestamp": 1755270450373230,
							"fields": [
								{
									"key": "event",
									"type": "STRING",
									"value": "kv/kvserver/replica_send.go:171 [n2,s2,r82/3:/Table/11{4/1/‹\"q\"›-5/1/‹\"g\"›}] read-only path"
								}
							]
						},
						{
							"timestamp": 1755270450373248,
							"fields": [
								{
									"key": "event",
									"type": "STRING",
									"value": "kv/kvserver/concurrency/concurrency_manager.go:259 [n2,s2,r82/3:/Table/11{4/1/‹\"q\"›-5/1/‹\"g\"›}] sequencing request"
								}
							]
						},
						{
							"timestamp": 1755270450373260,
							"fields": [
								{
									"key": "event",
									"type": "STRING",
									"value": "kv/kvserver/concurrency/concurrency_manager.go:340 [n2,s2,r82/3:/Table/11{4/1/‹\"q\"›-5/1/‹\"g\"›}] acquiring latches"
								}
							]
						},
						{
							"timestamp": 1755270450373275,
							"fields": [
								{
									"key": "event",
									"type": "STRING",
									"value": "kv/kvserver/concurrency/concurrency_manager.go:384 [n2,s2,r82/3:/Table/11{4/1/‹\"q\"›-5/1/‹\"g\"›}] scanning lock table for conflicting locks"
								}
							]
						},
						{
							"timestamp": 1755270450373324,
							"fields": [
								{
									"key": "event",
									"type": "STRING",
									"value": "kv/kvserver/replica_read.go:308 [n2,s2,r82/3:/Table/11{4/1/‹\"q\"›-5/1/‹\"g\"›}] can drop latches early for batch (Get [/Table/114/1/‹\"reveal-dd973d1a\"›/‹0›], [txn: dfdc2b8d], [max_span_request_keys: 0], [target_bytes: 10485760]); scanning lock table first to detect conflicts"
								}
							]
						},
						{
							"timestamp": 1755270450373675,
							"fields": [
								{
									"key": "event",
									"type": "STRING",
									"value": "storage/engine.go:2095 [n2,s2,r82/3:/Table/11{4/1/‹\"q\"›-5/1/‹\"g\"›}] lock table scan stats: ‹seeked 1 times (1 internal); stepped 0 times (0 internal); blocks: 0B cached, 168KB not cached (read time: 55.712µs); points: 0 (0B keys, 0B values)›"
								}
							]
						},
						{
							"timestamp": 1755270450373693,
							"fields": [
								{
									"key": "event",
									"type": "STRING",
									"value": "kv/kvserver/replica_read.go:120 [n2,s2,r82/3:/Table/11{4/1/‹\"q\"›-5/1/‹\"g\"›}] lock table scan complete without conflicts; dropping latches early"
								}
							]
						},
						{
							"timestamp": 1755270450373720,
							"fields": [
								{
									"key": "event",
									"type": "STRING",
									"value": "kv/kvserver/replica_read.go:421 [n2,s2,r82/3:/Table/11{4/1/‹\"q\"›-5/1/‹\"g\"›}] executing read-only batch"
								}
							]
						},
						{
							"timestamp": 1755270450373982,
							"fields": [
								{
									"key": "event",
									"type": "STRING",
									"value": "kv/kvserver/replica_evaluate.go:563 [n2,s2,r82/3:/Table/11{4/1/‹\"q\"›-5/1/‹\"g\"›}] evaluated Get command ‹header:\u003ckvnemesis_seq:\u003c\u003e key:\"\\366r\\211\\022reveal-dd973d1a\\000\\001\\210\" \u003e ›, txn=\"sql txn\" meta={id=dfdc2b8d key=/Min iso=Serializable pri=0.01452630 epo=0 ts=1755270446.170823000,0 min=1755270446.170823000,0 seq=0} lock=false stat=PENDING rts=1755270446.170823000,0 wto=false gul=1755270446.170823000,0 obs={n2@1755270450.370138923,0} : resp=‹header:\u003cnum_keys:1 num_bytes:160 \u003e value:\u003craw_bytes:\"\\260\\227|\\302\\n\u0026\\025davisjoseph@yahoo.com\\026\\nus-east-1b\\032\\037\\017i@\\000\\000\\001\\220\\000\\000\\005\\320\\000\\000]rules\\200\\000\\000\\001\\320\\000\\000P@\\000\\000\\003\\220\\000\\000\\006\\020\\000\\000\\023\\020\\000\\...›, err=\u003cnil\u003e"
								}
							]
						},
						{
							"timestamp": 1755270450374024,
							"fields": [
								{
									"key": "event",
									"type": "STRING",
									"value": "n2 scan stats: stepped 0 times (0 internal); seeked 1 times (1 internal); block-bytes: (total 57 KiB, cached 0 B, duration 20.981µs); points: (count 1, key-bytes 32 B, value-bytes 169 B, tombstoned: 0) ranges: (count 0), (contained-points 0, skipped-points 0) evaluated requests: 1 gets, 0 scans, 0 reverse scans"
								}
							]
						},
						{
							"timestamp": 1755270450374047,
							"fields": [
								{
									"key": "event",
									"type": "STRING",
									"value": "kv/kvserver/replica_read.go:233 [n2,s2,r82/3:/Table/11{4/1/‹\"q\"›-5/1/‹\"g\"›}] read completed"
								}
							]
						},
						{
							"timestamp": 1755270450374086,
							"fields": [
								{
									"key": "event",
									"type": "STRING",
									"value": "server/node.go:1706 [n2] node sending response"
								}
							]
						}
					],
					"processID": "node 2",
					"warnings": null
				}
			],
			"processes": {
				"node 2": {
					"serviceName": "node 2",
					"tags": null
				}
			},
			"warnings": null
		}
	]
}